{"cameraMode":{"drawMode":0,"name":"Shaded","section":"Shading Mode"},"sceneLighting":true,"audioPlay":false,"sceneViewState":{"showFog":true,"showMaterialUpdate":false,"showSkybox":true,"showFlares":true,"showImageEffects":true,"showParticleSystems":true},"in2DMode":false,"pivot":{"x":-0.4479990005493164,"y":1.7590835094451905,"z":-3.0264170169830324},"rotation":{"x":0.18287163972854615,"y":-0.4924108684062958,"z":0.10665906220674515,"w":0.8442626595497131},"size":10.0,"orthographic":false}